"group","n","rho"
"all diseased fields",360,0.296991300832191
"year 2015",165,0.394079826263425
"year 2017",195,0.250568285167723
"North Central",158,0.220533298896152
"South West",202,0.265054612552261
"Benue",58,0.214694839433454
"Ogun",58,0.500268635428279
"Oyo",47,0.40654964667592
"Ondo",39,0.0108515532990718
"Kogi",28,0.148521036367897
"Osun",26,0.347987253195885
"Nassarawa",25,0.571497211897457
"Ekiti",22,0.139143729380748
"Kwara (small n)",19,0.056569145902365
"Niger (small n)",18,0.29263207813312
"Lagos (small n)",10,0.116725724969427
"Plateau (small n)",7,0.5
"FCT (small n)",3,NA
